{
	"content": [
		{
			"id": 0,
			"imageScene": "assets/img/room360.jpg",
			"objet1": {
				"url": "assets/img/biere.png",
				"width": 150,
				"height": 470
			},
			"objet2":{
				"url": "assets/img/fleurs.png",
				"width": 194,
				"height": 338
			},
			"c1": {
				"x": 0.8490313550393424,
				"y": -0.3617044019957431,
				"z": -0.45897338063999804
			},
			"c2": {
				"x": 0.49018442748058455,
				"y": 0.13477427754264027,
				"z": -0.8652985483756166
			},
			"objetQuestion": "assets/img/gel.png",
			"videoChoiceUn": "assets/img/biere.png",
			"videoChoiceDeux": "assets/img/gel.png",
			"btnChoiceUn": "Culture de plante corona",
			"btnChoiceDeux":"L'eau s'est transformé en bière"
		},
		{
			"id": 1,
			"imageScene": "assets/img/room360.jpg",
			"objet1": {
				"url": "assets/img/info.png",
				"width": 194,
				"height": 338
			} ,
			"objet2": {
				"url": "assets/img/cafard.png",
				"width": 194,
				"height": 338
			},
			"c1": {
				"x": 0.9522636831749526,
				"y": 0.2753672840859653,
				"z": -0.13178291452685512
			},
			"c2": {
				"x": 0.3140010677348484,
				"y": -0.776383476508857,
				"z": -0.5464723477591489
			},
			"objetQuestion": "assets/img/gel-dopp.png",
			"videoChoiceUn": "assets/img/fleurs.png",
			"btnChoiceUn": "On avait pas de mains",
			"btnChoiceDeux":"Danse des canards"
		},
		{
			"id": 2,
			"imageScene": "assets/img/room360.jpg",
			"objet1": {
				"url": "assets/img/brosse-a-dents.png",
				"width": 90,
				"height": 120
			} ,
			"objet2": {
				"url": "assets/img/hamac.png",
				"width": 400,
				"height": 338
			},
			"objet3": {
				"url": "assets/img/masque-avion.png",
				"width": 500,
				"height": 900
			},
			"c1": {
				"x": -0.38015606564465265,
				"y": -0.3199997364456868,
				"z": 0.887424109020288
			},
			"c2": {
				"x": 0.8451830007326516,
				"y": 0.03260465892002011,
				"z": 0.5334816130751457
			},
			"c3": {
				"x": -0.1007884804807558735,
				"y": -0.9786805626536727,
				"z": 0.4774095172000207
			},
			"btnChoiceUn": "Action 1",
			"btnChoiceDeux":"Action 2"
		},
		{
			"id": 3,
			"imageScene": "assets/img/room360.jpg",
			"objet1": {
				"url": "assets/img/info.png",
				"width": 194,
				"height": 338
			} ,
			"objet2": {
				"url": "assets/img/info.png",
				"width": 194,
				"height": 338
			},
			"c1": {
				"x": 0.9522636831749526,
				"y": 0.2753672840859653,
				"z": -0.13178291452685512
			},
			"c2": {
				"x": 0.6351041777159825,
				"y": 0.096559551981131675,
				"z": -0.7707364023383707
			},
			"btnChoiceUn": "Action 1",
			"btnChoiceDeux":"Action 2"
		},
		{
			"id": 4,
			"imageScene": "assets/img/room360.jpg",
			"objet1": {
				"url": "assets/img/medicaments.png",
				"width": 180,
				"height": 220
			} ,
			"objet2": {
				"url": "assets/img/gel-dop.png",
				"width": 100,
				"height": 100
			},
			"objet3": {
				"url": "assets/img/superman.png",
				"width": 134,
				"height": 200
			},
			"c1": {
				"x": 0.8306336565603506,
				"y": -0.4134545267285413,
				"z": -0.372965256983622
			},
			"c2": {
				"x": -0.21,
				"y": -0.01141312032806045,
				"z": 0.9821037801110135
			},
			"c3": {
				"x": 0.9796175933674416,
				"y": 0.10568885314873233,
				"z": 0.17081931121827995
			},
			"btnChoiceUn": "Action 1",
			"btnChoiceDeux":"Action 2"
		},
		{
			"id": 5,
			"imageScene": "assets/img/room360.jpg",
			"objet1": {
				"url": "assets/img/info.png",
				"width": 194,
				"height": 338
			} ,
			"objet2": {
				"url": "assets/img/info.png",
				"width": 194,
				"height": 338
			},
			"c1": {
				"x": 0.9522636831749526,
				"y": 0.2753672840859653,
				"z": -0.13178291452685512
			},
			"c2": {
				"x": 0.6351041777159825,
				"y": 0.096559551981131675,
				"z": -0.7707364023383707
			},
			"btnChoiceUn": "Action 1",
			"btnChoiceDeux":"Action 2"
		},
		{
			"id": 6,
			"imageScene": "assets/img/room360.jpg",
			"objet1": {
				"url": "assets/img/info.png",
				"width": 194,
				"height": 338
			} ,
			"objet2": {
				"url": "assets/img/info.png",
				"width": 194,
				"height": 338
			},
			"c1": {
				"x": 0.9522636831749526,
				"y": 0.2753672840859653,
				"z": -0.13178291452685512
			},
			"c2": {
				"x": 0.6351041777159825,
				"y": 0.096559551981131675,
				"z": -0.7707364023383707
			},
			"btnChoiceUn": "Action 1",
			"btnChoiceDeux":"Action 2"
		},
		{
			"id": 7,
			"imageScene": "assets/img/room360.jpg",
			"objet1": {
				"url": "assets/img/info.png",
				"width": 194,
				"height": 338
			} ,
			"objet2": {
				"url": "assets/img/info.png",
				"width": 194,
				"height": 338
			},
			"c1": {
				"x": 0.9522636831749526,
				"y": 0.2753672840859653,
				"z": -0.13178291452685512
			},
			"c2": {
				"x": 0.6351041777159825,
				"y": 0.096559551981131675,
				"z": -0.7707364023383707
			},
			"btnChoiceUn": "Action 1",
			"btnChoiceDeux":"Action 2"
		},
		{
			"id": 8,
			"imageScene": "assets/img/room360.jpg",
			"objet1": {
				"url": "assets/img/info.png",
				"width": 194,
				"height": 338
			} ,
			"objet2": {
				"url": "assets/img/info.png",
				"width": 194,
				"height": 338
			},
			"c1": {
				"x": 0.9522636831749526,
				"y": 0.2753672840859653,
				"z": -0.13178291452685512
			},
			"c2": {
				"x": 0.6351041777159825,
				"y": 0.096559551981131675,
				"z": -0.7707364023383707
			},
			"btnChoiceUn": "Action 1",
			"btnChoiceDeux":"Action 2"
		}
	]
}